{
  "docs": {
    "Learn About Libra": [
      "welcome-to-libra",
      "libra-protocol",
      "life-of-a-transaction",
      {
        "type": "subcategory",
        "label": "Technical Papers",
        "ids": [
          "the-libra-blockchain-paper",
          "move-paper",
          "state-machine-replication-paper"
            ]
      }
    ],
    "Try Libra Core": [
      "my-first-transaction",
      "move-overview",
      "run-local-network",
      "run-move-locally"
    ],
    "Community" : [
      "libra-open-source-paper",
      "community/contributing",
      "community/coding-guidelines",
      "policies/security"
    ],
    "Libra Codebase": [
      "libra-core-overview",
      {
        "type": "subcategory",
        "label": "READMEs",
        "ids": [
          "crates/admission-control",
          "crates/bytecode-verifier",
          "crates/consensus",
          "crates/crypto",
          "crates/execution",
          "crates/mempool",
          "crates/ir-to-bytecode",
          "crates/move-language",
          "crates/network",
          "crates/storage",
          "crates/vm"
        ]
      }
    ],
    "Reference": [
      "reference/libra-cli",
      "reference/glossary"
    ]
  }
}
