{
  "txn_params": {
    "sender_address": "0xe1b3d22871989e9fd9dc6814b2f4fc41",
    "sequence_number": 42,
    "max_gas_amount": 1000000,
    "gas_unit_price": 0,
    "gas_currency_code": "LBR",
    "chain_id": "TESTING",
    "expiration_timestamp_secs": 1593189628
  },
  "script_params": {
    "peer_to_peer_transfer": {
      "coin_tag": "LBR",
      "recipient_address": "0x71e931795d23e9634fd24a5992065f6b",
      "amount": 100,
      "metadata_hex_encoded": "",
      "metadata_signature_hex_encoded": ""
    }
  }
}
